id,nome,categoria,acesso,custo,cobertura,entidades,conteudo_interesse,limitacoes,evidencia_url,nivel_evidencia,data_consulta,integracao_testada,schema_nativo_completo
bigballsdata,Big Balls Sports Data,APIs de futebol,API documentada; cliente pitchside já usado no projeto,Freemium,Ligas de futebol disponíveis no plano; projeto usa EPL,partida;equipe;jogador;estatistica;odd;clima,Placar; calendário; elenco; estatísticas; confrontos; odds conforme plano,A página pública mistura recursos disponíveis e roadmap; conferir cobertura por liga e endpoint. O SQL local registra colunas vazias na captura histórica.,https://bigballsdata.com/docs,documentacao,2026-09-14,False,False
api_football,API-Football / API-Sports,APIs de futebol,REST JSON com chave,Freemium,Competições globais; granularidade por liga e temporada,partida;equipe;jogador;escalacao;evento;estatistica;transferencia;indisponibilidade;odd,Jogos; gols; cartões; escalações; jogadores; transferências; ausências,Verificar flags de cobertura e paginação. Flag positiva não assegura preenchimento de todas as partidas.,https://www.api-football.com/news/post/how-to-get-started-with-api-football-the-complete-beginners-guide,documentacao,2026-09-14,False,False
sportmonks,Sportmonks Football API,APIs de futebol,REST JSON v3 com token,Comercial; opções de avaliação a consultar,Competições globais selecionadas na assinatura,partida;equipe;jogador;escalacao;evento;estatistica;transferencia;indisponibilidade;odd;noticia,Fixtures; participantes; eventos; estatísticas; xG; transferências; notícias,Includes e disponibilidade variam. Confirmar ligas e temporadas antes da contratação.,https://docs.sportmonks.com/v3/endpoints-and-entities/endpoints/fixtures/get-all-fixtures,documentacao,2026-09-14,False,False
football_data_org,football-data.org,APIs de futebol,REST JSON v4; X-Auth-Token,Freemium,Competições selecionadas,competicao;partida;equipe;jogador;classificacao,Calendário; resultados; classificação; equipes; elencos; artilheiros,"Histórico, competição e nível de detalhe dependem do plano. É diferente de football-data.co.uk.",https://docs.football-data.org/general/v4/index.html,documentacao,2026-09-14,False,False
sportradar,Sportradar Soccer,APIs de futebol,API comercial JSON/XML conforme produto,Contrato; trial a consultar,Competições globais; matriz de cobertura,competicao;partida;equipe;jogador;evento;estatistica;indisponibilidade,Live; perfis; temporadas; estatísticas; ausências; eventos,Soccer e Soccer Extended têm escopos diferentes; especificação completa depende do produto.,https://developer.sportradar.com/soccer/reference/soccer-overview,documentacao,2026-09-14,False,False
sportsdataio,SportsDataIO Soccer,APIs de futebol,API comercial com chave,Comercial,Ligas contratadas,partida;equipe;jogador;estatistica;escalacao,Calendários; resultados; times; jogadores; estatísticas,Conferir cobertura e se a amostra é simulada ou de produção.,https://sportsdata.io/developers/api-documentation/soccer,documentacao,2026-09-14,False,False
thesportsdb,TheSportsDB,APIs de futebol,API JSON,Freemium,Multiesporte; futebol e metadados comunitários,competicao;partida;equipe;jogador;midia,Equipes; jogadores; eventos; imagens; identificação,Dados comunitários; não tratar como garantia de atualização ao vivo ou licença universal das imagens.,https://www.thesportsdb.com/api.php,documentacao,2026-09-14,False,False
api_futebol,API Futebol,APIs de futebol,REST JSON com credencial,Planos a consultar,Foco no futebol brasileiro,competicao;partida;classificacao;equipe,Campeonatos; fases; rodadas; partidas; tabelas,Documentação geral retornou 403; referência de fases localizada no índice. Validar payload de partidas e cobertura contratada.,https://www.api-futebol.com.br/documentacao/fase,indice,2026-09-14,False,False
live_score_api,Live-score API,APIs de futebol,REST; JSON/XML; credenciais,Comercial; avaliação a consultar,Competições de futebol cobertas pelo serviço,competicao;partida;classificacao;equipe;evento,Livescore; calendário; resultados; tabelas; eventos,"Conferir profundidade histórica, competições e atualização por recurso.",https://live-score-api.com/documentation,documentacao,2026-09-14,False,False
goalserve,Goalserve Soccer,APIs de futebol,Feeds JSON/XML; APIs comerciais,Comercial; trial anunciado,Ligas globais disponíveis no produto,partida;jogador;estatistica;indisponibilidade;odd,Fixtures; resultados; estatísticas; perfis; lesões; odds,Endpoints e formatos dependem do pacote; dados e odds são produtos que precisam ser conferidos.,https://www.goalserve.com/en/sport-data-feeds/soccer-api/description,documentacao,2026-09-14,False,False
enetpulse,Enetpulse,APIs de futebol,Feed/API comercial,Sob consulta,Multiesporte; futebol global,partida;classificacao;equipe;jogador;estatistica,Placar; calendário; tabelas; estatísticas esportivas,Solicitar schema e matriz de ligas no contrato; página de produto não valida todos os campos.,https://enetpulse.com/,pagina,2026-09-14,False,False
broadage,Broadage,APIs de futebol,API e widgets comerciais,Sob consulta,Multiesporte; ligas conforme pacote,partida;classificacao;equipe;estatistica,Livescore; fixtures; standings; estatísticas,Conferir se a oferta é API de dados ou apenas widget e quais ligas estão incluídas.,https://www.broadage.com/,pagina,2026-09-14,False,False
betsapi,BetsAPI,APIs de futebol,API com token,Comercial,Multiesporte; futebol e mercados cobertos,partida;equipe;odd,Eventos; livescore; histórico; odds,Cobertura e disponibilidade variam por feed e casa; revisar proveniência e licença.,https://betsapi.com/docs/,documentacao,2026-09-14,False,False
isportsapi,iSports API,APIs de futebol,API comercial,Planos a consultar,Futebol global conforme cobertura,partida;equipe;jogador;estatistica;odd,Resultados; estatísticas; dados de ligas; odds,Solicitar amostra por competição e confirmar campos contratados.,https://www.isportsapi.com/,pagina,2026-09-14,False,False
sportdevs,SportDevs Football,APIs de futebol,REST JSON com token; documentação pública,Planos a consultar,Ligas cobertas pelo serviço,partida;equipe;jogador;estatistica;odd,Partidas; times; jogadores; estatísticas; odds,Referência de futebol localizada no índice; leitura direta retornou 502. Validar contrato e payload.,https://docs.sportdevs.com/docs/football/sportdevs,indice,2026-09-14,False,False
footystats,FootyStats API,APIs de futebol,API JSON,Freemium,Competições conforme assinatura,partida;equipe;jogador;estatistica,Gols; ambas marcam; over/under; escanteios; cartões; estatísticas,"Métricas agregadas exigem definição de amostra, temporada e mando.",https://footystats.org/api,documentacao,2026-09-14,False,False
opta,Opta / Stats Perform,Dados profissionais,Feeds/API comercial,Sob consulta,Futebol global conforme contrato,partida;jogador;evento;estatistica;rastreamento,Eventos; xG; estatísticas; dados posicionais em produtos específicos,Opta Data e Opta Vision são produtos distintos. Contar o grupo como uma fonte; não prometer tracking no feed básico.,https://www.statsperform.com/products/opta-data/,pagina,2026-09-14,False,False
hudl_statsbomb,Hudl Statsbomb comercial,Dados profissionais,API/plataforma sob contrato,Sob consulta,Ligas e temporadas contratadas,partida;jogador;evento;estatistica;rastreamento,Eventos detalhados; xG; pressão; contexto espacial conforme pacote,Separado do recorte Open Data; disponibilidade de 360 e outras extensões é contratual.,https://www.hudl.com/products/statsbomb,pagina,2026-09-14,False,False
wyscout,Hudl Wyscout comercial,Dados profissionais,Plataforma; dados/API sob contrato,Sob consulta,Scouting global conforme assinatura,jogador;equipe;partida;evento;estatistica;midia,Vídeos; scouting; jogadores; eventos; desempenho,Acesso à plataforma não implica acesso irrestrito à API nem direito de redistribuir vídeos.,https://www.hudl.com/products/wyscout,pagina,2026-09-14,False,False
skillcorner,SkillCorner comercial,Dados profissionais,Entrega de dados/API conforme contrato,Sob consulta,Competições com cobertura de vídeo,jogador;partida;rastreamento;estatistica,Tracking; métricas físicas; movimentação sem bola; eventos dinâmicos,Não confundir o catálogo comercial com os dez jogos de exemplo gratuitos.,https://skillcorner.com/,pagina,2026-09-14,False,False
genius_sports,Genius Sports / Second Spectrum,Dados profissionais,Feeds e produtos sob contrato,Sob consulta,Ligas e direitos contratados,partida;evento;rastreamento;estatistica,Dados oficiais; tracking; análises; conteúdo para transmissões,Second Spectrum pertence ao ecossistema Genius; tratado como uma família para evitar duplicação.,https://www.geniussports.com/,pagina,2026-09-14,False,False
impect_catapult,IMPECT / Catapult,Dados profissionais,Plataforma e dados sob consulta,Sob consulta,A confirmar no produto atual,jogador;estatistica,Scouting e avaliação de desempenho; investigar disponibilidade das métricas IMPECT,"O domínio IMPECT redirecionou para Catapult. Manter como candidato em transição, sem presumir continuidade de API ou de Packing.",https://www.impect.com/,redirecionamento,2026-09-14,False,False
soccerment,Soccerment,Dados profissionais,Plataforma e produtos comerciais,Sob consulta,Ligas e produtos selecionados,jogador;equipe;estatistica,Análise de desempenho; scouting; métricas derivadas,Solicitar definição das métricas e formato de exportação/API.,https://soccerment.com/,pagina,2026-09-14,False,False
statsbomb_open,StatsBomb Open Data,Bases para download,GitHub; JSON; sem chave,Download gratuito; licença própria,"Competições e temporadas selecionadas, incluindo futebol feminino",competicao;partida;jogador;escalacao;evento;rastreamento,Competições; jogos; lineups; eventos; 360 de jogos selecionados,"Não é feed ao vivo. Atribuição e termos próprios; 360 é contexto de eventos, não tracking contínuo.",https://github.com/hudl/open-data,repositorio,2026-09-14,False,False
metrica_open,Metrica Sports Sample Data,Bases para download,GitHub; CSV e formatos EPTS/JSON,Amostra gratuita; consultar termos,Poucos jogos de demonstração anonimizados,partida;evento;rastreamento,Posições de jogadores e bola; eventos sincronizados,Não serve como histórico identificado de clubes; coordenadas originais normalizadas e formatos variam entre amostras.,https://github.com/metrica-sports/sample-data,repositorio,2026-09-14,False,False
skillcorner_open,SkillCorner Open Data,Bases para download,GitHub; JSON/JSONL e CSV conforme arquivo,Download gratuito; consultar licença,Dez jogos de A-League 2024/25; agregados e amostras adicionais,partida;jogador;rastreamento;estatistica,Tracking de transmissão; eventos dinâmicos; agregados físicos; poses em amostra,Recorte de pesquisa; confirmar versão. Não atribuir nomes de campos de versões antigas ao snapshot atual.,https://github.com/SkillCorner/opendata,repositorio,2026-09-14,False,False
wyscout_research,Wyscout / Pappalardo et al. 2019,Bases para download,Figshare; arquivos JSON; descritor científico,Base de pesquisa; licença do depósito,Sete competições históricas do recorte publicado,partida;equipe;jogador;evento,Eventos; posição; tempo; jogador; tipo; resultado,"Base histórica publicada, distinta da API comercial. Mirrors são cópias e não novas fontes independentes.",https://www.nature.com/articles/s41597-019-0247-7,artigo_primario,2026-09-14,False,False
openfootball,OpenFootball / football.db,Bases para download,Repositórios GitHub; texto estruturado/JSON conforme coleção,Dados abertos; conferir licença por repositório,Ligas e torneios de diversas regiões,competicao;partida;equipe;classificacao,Calendários; resultados; clubes; competições,"Cobertura, formato e manutenção variam por repositório; não são estatísticas detalhadas de jogador.",https://github.com/openfootball,repositorio,2026-09-14,False,False
football_data_uk,Football-Data.co.uk,Bases para download,CSV por país/liga/temporada,Download gratuito; conferir termos de reutilização,Histórico de ligas nacionais selecionadas,partida;estatistica;odd,Resultados; gols; chutes; faltas; cartões; odds conforme arquivo,Colunas e casas mudam por temporada. Odds de fechamento só podem ser usadas após seu horário de observação.,https://football-data.co.uk/data.php,pagina,2026-09-14,False,False
engsoccerdata,engsoccerdata,Bases para download,GitHub; pacote R e tabelas,Download aberto; conferir licença,Histórico inglês e europeu; recorte publicado,competicao;partida;equipe,Data; temporada; divisão; mandante; visitante; gols,Arquivo histórico; não presumir atualização da temporada atual.,https://github.com/jalapic/engsoccerdata,repositorio,2026-09-14,False,False
international_results,International football results — martj42,Bases para download,Kaggle; CSV,Download; conta e licença a conferir,Seleções masculinas; histórico desde 1872 no título da coleção,partida;equipe,Data; seleções; placar; torneio; local; campo neutro,"Página localizada, mas schema não renderizou na consulta. Conferir arquivos e licença no download.",https://www.kaggle.com/datasets/martj42/international-football-results-from-1872-to-2017,pagina_parcial,2026-09-14,False,False
worldcup_fjelstul,Fjelstul World Cup Database,Bases para download,GitHub; tabelas e pacote R,Licença do repositório,Copas do Mundo masculinas e femininas; recorte publicado,competicao;partida;jogador;equipe;escalacao;evento,Torneios; seleções; jogadores; jogos; gols; elencos,Dataset retrospectivo; fixar versão e conferir últimas edições incluídas.,https://github.com/jfjelstul/worldcup,repositorio,2026-09-14,False,False
transfermarkt_dataset,transfermarkt-datasets — dcaribou,Bases para download,Snapshot DuckDB e CSV; repositório comunitário,Download; direitos da fonte original separados,Competições e jogadores cobertos pelo snapshot,jogador;equipe;partida;estatistica;transferencia;valor_mercado,Jogadores; clubes; jogos; aparições; avaliações; transferências,README informa snapshot até 06/07/2026 sem atualização corrente. Não usar como mercado ao vivo; dataset não oficial.,https://github.com/dcaribou/transfermarkt-datasets,repositorio,2026-09-14,False,False
european_soccer_sqlite,European Soccer Database — hugomathien,Bases para download,Kaggle; SQLite,Licença/conta a conferir,Recorte histórico de ligas europeias,partida;equipe;jogador;estatistica;odd,Jogos; atletas; atributos de videogame; odds históricas,Página sem schema renderizado; atributos de videogame não equivalem a métricas observadas em campo.,https://www.kaggle.com/datasets/hugomathien/soccer,pagina_parcial,2026-09-14,False,False
fivethirtyeight_spi,FiveThirtyEight Soccer SPI,Bases para download,GitHub; CSV histórico,Licença da coleção,Ligas e temporadas do arquivo publicado,partida;rating;previsao,Índices de força; probabilidades; gols projetados; resultados,"Fonte histórica, não recomendada para previsão corrente. Preservar significado original de SPI e versão do arquivo.",https://github.com/fivethirtyeight/data/tree/master/soccer-spi,repositorio,2026-09-14,False,False
brasileirao_dataset,Brasileirao_Dataset — adaoduque,Bases para download,GitHub; CSV,Licença a conferir,Campeonato Brasileiro; anos disponíveis nos arquivos,partida;evento;estatistica,Partidas; gols; cartões; estatísticas,"Projeto comunitário; validar origem, anos disponíveis, duplicatas e data da última coleta.",https://github.com/adaoduque/Brasileirao_Dataset,repositorio,2026-09-14,False,False
soccernet,SoccerNet,Bases para download,Pacote de download; anotações e mídia,Pesquisa; acesso a vídeos exige NDA,Amostras de futebol para visão computacional,partida;evento;rastreamento;midia,Vídeos; ações; tracking; identificação; calibração conforme tarefa,FAQ exclui uso comercial; vídeos exigem acordo. Os subconjuntos têm formatos e condições próprios.,https://www.soccer-net.org/data,documentacao,2026-09-14,False,False
transfermarkt,Transfermarkt,Portais estatísticos e históricos,Site; API pública oficial não confirmada,Consulta web; licença para coleta a confirmar,Mercado e perfis globais,jogador;equipe;transferencia;valor_mercado;indisponibilidade,Transferências; valores estimados; perfil; contrato; histórico,Página inicial retornou 403; páginas específicas localizadas no índice. Valor de mercado não é preço pago; taxas podem ser estimadas.,https://www.transfermarkt.com/statistik/neuestetransfers,indice,2026-09-14,False,False
fbref,FBref / Stathead,Portais estatísticos e históricos,Site e ferramentas de consulta,Consulta/assinatura conforme ferramenta,Histórico básico de competições masculinas e femininas,partida;equipe;jogador;estatistica,Jogos; gols; minutos e estatísticas básicas remanescentes,Sports Reference anunciou remoção dos dados avançados em 20/01/2026. Não listar como fonte garantida de xG detalhado atual.,https://www.sports-reference.com/blog/category/advanced-stats/,indice,2026-09-14,False,False
understat,Understat,Portais estatísticos e históricos,Site; API pública oficial não confirmada,Consulta web; reutilização a conferir,Principais ligas europeias listadas no portal,partida;equipe;jogador;estatistica;evento,xG; xA; finalizações; desempenho de times e atletas,Modelo próprio de xG; cobertura não global e extração precisa de avaliação técnica e de termos.,https://understat.com/,pagina,2026-09-14,False,False
sofascore,Sofascore,Portais estatísticos e históricos,Site/app; API pública para integração não confirmada,Consulta web; licenciamento a consultar,Competições globais,partida;equipe;jogador;estatistica;transferencia,Livescore; escalações; notas; estatísticas; transferências,Endpoints internos e serviços de terceiros não são automaticamente API oficial nem têm SLA.,https://www.sofascore.com/,pagina,2026-09-14,False,False
fotmob,FotMob,Portais estatísticos e históricos,Site/app; integração somente mediante autorização adequada,Consulta web,Futebol global,partida;noticia;transferencia;transmissao,Partidas; notícias; transferências; rumores; programação de TV,O rodapé proíbe serviços automáticos e uso sistemático/regular. Não recomendar crawler ou API interna como integração livre.,https://www.fotmob.com/,pagina,2026-09-14,False,False
flashscore,Flashscore,Portais estatísticos e históricos,Site/app; API pública oficial não confirmada,Consulta web; licença a consultar,Cobertura global multiesporte,partida;classificacao;estatistica;odd,Placar; calendário; tabelas; estatísticas; odds,Conferir cobertura por jogo e direito de acesso automatizado.,https://www.flashscore.com/,pagina,2026-09-14,False,False
soccerway,Soccerway,Portais estatísticos e históricos,Site,Consulta web; reutilização a conferir,Competições globais,partida;classificacao;equipe,Resultados; calendário; classificação,Página atual se apresenta junto à marca Soccer24; não presumir schema ou comportamento do site antigo.,https://www.soccerway.com/,pagina,2026-09-14,False,False
ogol,oGol / zerozero,Portais estatísticos e históricos,Site; tratar versões regionais como mesma família,Consulta web; reutilização a conferir,"Brasil, Portugal e futebol internacional; categorias diversas",partida;equipe;jogador;transferencia,Histórico; elencos; trajetórias; competições; notícias,Cobertura varia muito por categoria e época. oGol e zerozero não são confirmações independentes.,https://www.ogol.com.br/,pagina,2026-09-14,False,False
rsssf,RSSSF,Portais estatísticos e históricos,Páginas históricas de texto/HTML,Consulta gratuita; condições de cada contribuição,"Resultados de países e torneios, inclusive históricos raros",competicao;partida;classificacao,Resultados antigos; classificações; campeões; artilheiros,Estrutura irregular; atribuir compiladores e manter proveniência por página.,https://www.rsssf.com/,pagina,2026-09-14,False,False
national_football_teams,National Football Teams,Portais estatísticos e históricos,Site,Consulta web; reutilização a conferir,Seleções e carreiras dos jogadores,partida;equipe;jogador,Escalações de seleções; aparições; gols; carreira em clubes,Conferir critérios de partidas reconhecidas e cobertura histórica.,https://www.national-football-teams.com/,pagina,2026-09-14,False,False
worldfootball,Worldfootball.net,Portais estatísticos e históricos,Site candidato,A confirmar,Histórico e perfis; escopo atual a confirmar,partida;equipe;jogador,Resultados; perfis; competições históricas,"Falha de leitura nesta pesquisa. Candidato pendente, sem validação da oferta atual.",https://www.worldfootball.net/,pendente,2026-09-14,False,False
elevenv11,11v11,Portais estatísticos e históricos,Site; ferramentas de consulta,Consulta/assinatura conforme recurso,"Histórico de futebol, com profundidade britânica",partida;equipe;jogador,Confrontos; resultados; escalações históricas; perfis,"Verificar cobertura temporal, acesso e termos antes de extração.",https://www.11v11.com/,pagina,2026-09-14,False,False
asa,American Soccer Analysis,Portais estatísticos e históricos,Tabelas e publicações; verificar interface de dados,Consulta pública; termos a conferir,Futebol norte-americano conforme tabela,jogador;equipe;estatistica,xG; xP; goals added; análises de jogadores e clubes,Métricas têm metodologia própria. A rota API candidata testada retornou 404; API utilizável não foi validada.,https://www.americansocceranalysis.com/,pagina,2026-09-14,False,False
cbf,CBF — competições e documentos,Entidades oficiais,Site; tabelas e documentos PDF,Consulta pública; reutilização a conferir,Competições brasileiras organizadas pela CBF,competicao;partida;classificacao;escalacao;arbitro;bilheteria;documento,Calendário; súmulas; arbitragem; boletins financeiros; regulamentos,Página inicial falhou; publicações oficiais de súmulas e finanças foram localizadas. Documentos variam por competição.,https://www.cbf.com.br/a-cbf/noticias/detalhes/arbitragem/cbf-divulga-sumulas-do-brasileirao-serie-a-b-c-e-d,indice,2026-09-14,False,False
cbf_bid,CBF BID,Entidades oficiais,Portal público de consulta,Consulta pública; sem API pública confirmada,Registros de atletas no Brasil,registro;jogador;equipe,Atleta; clube; data de publicação; movimentação registral,Registro no BID não equivale sozinho a preço de transferência nem comprova todas as condições de elegibilidade em uma competição.,https://bid.cbf.com.br/,pagina,2026-09-14,False,False
fpf_sp,Federação Paulista de Futebol,Entidades oficiais,Site; documentos de competição,Consulta pública; reutilização a conferir,"São Paulo; profissional, feminino e base conforme competição",competicao;partida;classificacao;documento,Tabelas; jogos; regulamentos; súmulas a verificar por edição,Site respondeu sem texto extraível; validar documentos específicos antes da integração.,https://futebolpaulista.com.br/,pagina_parcial,2026-09-14,False,False
ferj,Federação de Futebol do Rio de Janeiro,Entidades oficiais,Site; documentos,Consulta pública; reutilização a conferir,Competições estaduais do RJ,competicao;partida;classificacao;noticia;documento,Jogos; categorias de base; tabelas; notícias; documentos,Confirmar cobertura por divisão e formato de cada documento.,https://www.fferj.com.br/,pagina,2026-09-14,False,False
fifa,FIFA — competições,Entidades oficiais,Site e páginas de torneios,Consulta pública; licença a conferir,Torneios FIFA; modalidades e categorias distintas,competicao;partida;equipe;jogador;noticia,Torneios; calendários; resultados; participantes; notícias,Homepage sem texto extraível nesta consulta; validar páginas de cada competição. Não há API pública universal confirmada.,https://www.fifa.com/,pagina_parcial,2026-09-14,False,False
fifa_transfers,FIFA — sistema e relatórios de transferências,Entidades oficiais,Relatórios/páginas públicos; TMS restrito,Relatórios públicos; acesso operacional restrito,Transferências internacionais; agregados publicados,relatorio_mercado;documento,Volume; gastos agregados; associações; períodos de mercado,TMS não é base aberta de contratos individuais. Relatórios não substituem histórico de cada atleta.,https://inside.fifa.com/transfer-system,pagina,2026-09-14,False,False
uefa,UEFA,Entidades oficiais,Site; estatísticas e relatórios,Consulta pública; reutilização a conferir,Competições europeias de clubes e seleções,competicao;partida;classificacao;jogador;rating;documento,Jogos; estatísticas; coeficientes; documentos de competição,Coeficiente UEFA tem finalidade distinta de Elo; validar categoria e temporada.,https://www.uefa.com/,pagina,2026-09-14,False,False
conmebol,CONMEBOL,Entidades oficiais,Site e documentos de torneios,Consulta pública; reutilização a conferir,Competições sul-americanas,competicao;partida;noticia;documento,Torneios; notícias; calendários; regulamentos; relatórios,Homepage falhou; documentos oficiais aparecem no índice. Rota de extração de resultados ainda pendente.,https://www.conmebol.com/,pendente,2026-09-14,False,False
concacaf,Concacaf,Entidades oficiais,Site de competições,Consulta pública; reutilização a conferir,"América do Norte, Central e Caribe",competicao;partida;classificacao;noticia,Resultados; calendário; classificações; notícias,Conferir profundidade de dados por categoria e edição.,https://www.concacaf.com/,pagina,2026-09-14,False,False
caf,CAF,Entidades oficiais,Site de competições,Consulta pública; reutilização a conferir,África; clubes e seleções,competicao;partida;noticia;documento,Torneios; resultados; notícias; documentos,Cobertura de estatísticas detalhadas não foi auditada jogo a jogo.,https://www.cafonline.com/,pagina,2026-09-14,False,False
afc,AFC,Entidades oficiais,Site de competições,Consulta pública; reutilização a conferir,Ásia; clubes e seleções,competicao;partida;noticia,Torneios; resultados e notícias a confirmar nas páginas internas,Homepage respondeu sem conteúdo extraível; manter validação operacional pendente.,https://www.the-afc.com/,pagina_parcial,2026-09-14,False,False
ofc,Oceania Football Confederation,Entidades oficiais,Site de competições,Consulta pública; reutilização a conferir,"Oceania; clubes, seleções e categorias",competicao;partida;noticia,Calendários; resultados; notícias regionais,Útil para ampliar cobertura fora das grandes ligas; conferir arquivos por torneio.,https://www.oceaniafootball.com/,pagina,2026-09-14,False,False
premier_league,Premier League,Ligas oficiais,Site; centros de partidas e estatísticas,Consulta pública; reutilização a conferir,Primeira divisão inglesa,competicao;partida;classificacao;jogador;estatistica;noticia,Calendário; resultados; tabelas; jogadores; estatísticas,Site oficial não implica API pública. Formatos internos podem mudar.,https://www.premierleague.com/,pagina,2026-09-14,False,False
efl,English Football League,Ligas oficiais,Site,Consulta pública; reutilização a conferir,"Championship, League One, League Two e copas da entidade",competicao;partida;classificacao;noticia,Divisões inferiores inglesas; jogos; tabelas; notícias,Validar separadamente cada competição e temporada.,https://www.efl.com/,pagina,2026-09-14,False,False
laliga,LALIGA,Ligas oficiais,Site,Consulta pública; reutilização a conferir,Competições profissionais espanholas da liga,competicao;partida;classificacao;jogador;estatistica,Jogos; tabela; clubes; jogadores; estatísticas,Versão do site pode variar por região; não pressupor acesso ao feed profissional.,https://www.laliga.com/,pagina,2026-09-14,False,False
bundesliga,Bundesliga / DFL,Ligas oficiais,Site,Consulta pública; reutilização a conferir,Bundesliga e 2. Bundesliga,competicao;partida;classificacao;jogador;estatistica,Resultados; classificação; estatísticas; dados de jogadores,Dados físicos e Match Facts dependem de partida e produto; não garantir exportação em massa.,https://www.bundesliga.com/en/bundesliga,pagina,2026-09-14,False,False
serie_a,Lega Serie A,Ligas oficiais,Site,Consulta pública; reutilização a conferir,Competições organizadas pela liga italiana,competicao;partida;classificacao;estatistica,Calendário; resultados; tabelas; estatísticas a conferir,Página respondeu sem texto extraível; estrutura atual requer validação adicional.,https://www.legaseriea.it/,pagina_parcial,2026-09-14,False,False
ligue1,Ligue 1 / LFP,Ligas oficiais,Site,Consulta pública; reutilização a conferir,Ligue 1 e Ligue 2,competicao;partida;classificacao;noticia,Calendário; resultados; classificação; notícias,Site atual possui conteúdo dinâmico; endpoints de dados não foram validados.,https://ligue1.com/en,pagina_parcial,2026-09-14,False,False
mls,Major League Soccer,Ligas oficiais,Site; Transfer Tracker,Consulta pública; reutilização a conferir,MLS,competicao;partida;jogador;transferencia;noticia,Jogos; clubes; notícias; entradas e saídas de atletas,Confirmação editorial da liga ajuda a distinguir anúncio de rumor.,https://www.mlssoccer.com/,pagina,2026-09-14,False,False
nwsl,National Women's Soccer League,Ligas oficiais,Site; estatísticas e relatórios de disponibilidade,Consulta pública; reutilização a conferir,Futebol feminino dos EUA,partida;jogador;estatistica;indisponibilidade;sancao,Jogos; estatísticas; atletas; availability report; disciplinary report,Reportar situação e data da publicação; ausência não permite inferir diagnóstico.,https://www.nwslsoccer.com/,pagina,2026-09-14,False,False
wsl,WSL Football,Ligas oficiais,Site,Consulta pública; reutilização a conferir,WSL e WSL2; futebol feminino inglês,competicao;partida;classificacao;noticia,Jogos; clubes; calendário; notícias,Domínio antigo da FA redirecionou para wslfootball.com; usar endereço atual.,https://www.wslfootball.com/,pagina,2026-09-14,False,False
jleague,J.LEAGUE,Ligas oficiais,Site,Consulta pública; reutilização a conferir,Futebol profissional japonês,competicao;partida;classificacao;jogador;estatistica,Jogos; classificação; clubes; jogadores,Endereço internacional redirecionou para jleague.jp/en; confirmar profundidade por divisão.,https://www.jleague.jp/en/,pagina,2026-09-14,False,False
kleague,K LEAGUE,Ligas oficiais,Site,Consulta pública; reutilização a conferir,Coreia do Sul,competicao;partida;classificacao;jogador,Partidas; classificação; clubes; perfis,"Parte da documentação está em coreano; validar caracteres, nomes e IDs.",https://www.kleague.com/index.do,pagina,2026-09-14,False,False
aleagues,A-Leagues,Ligas oficiais,Site,Consulta pública; reutilização a conferir,Austrália/Nova Zelândia; masculino e feminino,competicao;partida;classificacao;noticia,Jogos; tabela; notícias; elencos conforme páginas,Separar ligas masculina e feminina e nomenclaturas de temporadas.,https://aleagues.com.au/,pagina,2026-09-14,False,False
ge,ge,Notícias e redações,Site editorial,Consulta web; licenciamento separado,Brasil e futebol internacional; português,noticia,Título; URL; publicação; autoria quando disponível; clube citado,Forte cobertura regional. Feed RSS/API oficial de futebol não foi validado.,https://ge.globo.com/futebol/,pagina,2026-09-14,False,False
uol,UOL Esporte,Notícias e redações,Site editorial,Consulta/assinatura conforme conteúdo,Brasil e internacional; português,noticia,Notícias; bastidores; colunas; entrevistas,"Distinguir reportagem, opinião e republicação. API pública de notícias não confirmada.",https://www.uol.com.br/esporte/futebol/,pagina,2026-09-14,False,False
espn,ESPN Brasil,Notícias e redações,Site editorial e placares,Consulta web; licenciamento separado,Brasil e internacional; português,noticia;partida,Notícias; análise; placares; agenda,Endpoints internos não são contrato de API pública. ESPN e ESPN Brasil são uma família editorial neste catálogo.,https://www.espn.com.br/futebol/,pagina,2026-09-14,False,False
lance,Lance!,Notícias e redações,Site editorial,Consulta web; licenciamento separado,Brasil; português,noticia,Clubes; partidas; mercado; entrevistas,Conferir autoria e origem das informações de mercado.,https://www.lance.com.br/,pagina,2026-09-14,False,False
gazeta,Gazeta Esportiva,Notícias e redações,Site editorial,Consulta web; licenciamento separado,Brasil; português,noticia,Notícias de clubes; pré-jogo; pós-jogo; mercado,Possível conteúdo sindicado precisa de deduplicação por origem.,https://www.gazetaesportiva.com/,pagina,2026-09-14,False,False
trivela,Trivela,Notícias e redações,Site editorial; RSS candidato,Consulta web; licenciamento separado,Brasil e internacional; português,noticia,Notícias; contexto; análises; mercado,Rota /feed/ não pôde ser validada pelo navegador desta pesquisa.,https://trivela.com.br/,pagina,2026-09-14,False,False
tnt_sports,TNT Sports Brasil,Notícias e redações,Site editorial,Consulta web; direitos de mídia separados,Brasil e internacional; português,noticia;midia,Notícias; entrevistas; vídeos; competições,Link para vídeo não concede direito de baixar ou republicar sua mídia.,https://tntsports.com.br/,pagina,2026-09-14,False,False
goal,GOAL Brasil,Notícias e redações,Site editorial,Consulta web; licenciamento separado,Futebol global; edição brasileira,noticia,Notícias; resultados; transferências; perfis editoriais,Versões locais e republicações não constituem evidências independentes.,https://www.goal.com/br,pagina,2026-09-14,False,False
onefootball,OneFootball,Notícias e redações,Site/app agregador,Consulta; parceiros e licença a consultar,Global; múltiplos idiomas,noticia;partida,Notícias agregadas; placares; conteúdo de clubes,"Página falhou nesta pesquisa. Preservar publicador original, além do agregador.",https://onefootball.com/pt-br,pendente,2026-09-14,False,False
bbc,BBC Sport Football,Notícias e redações,Site; RSS candidato,Consulta web; termos próprios,Futebol; inglês,noticia,Notícias e cobertura de jogos,"RSS respondeu como XML, não interpretado pelo navegador; itens do feed não foram validados.",https://www.bbc.co.uk/sport/football,pagina,2026-09-14,False,False
sky,Sky Sports Football,Notícias e redações,Site; RSS candidato,Consulta web; direitos de conteúdo separados,Futebol britânico e internacional; inglês,noticia;transferencia,Notícias; mercado; entrevistas; cobertura de partidas,Feed /rss/12040 não validado nesta pesquisa; distinguir rumor e anúncio.,https://www.skysports.com/football,pagina,2026-09-14,False,False
athletic,The Athletic,Notícias e redações,Site de assinatura,Assinatura/licença,Futebol internacional; inglês,noticia,Reportagens; análises; bastidores; mercado,Falha de leitura; acesso e schema não validados. Paywall não é API de conteúdo.,https://www.nytimes.com/athletic/football/,pendente,2026-09-14,False,False
reuters,Reuters Soccer,Notícias e redações,Site; distribuição profissional sob contrato,Consulta/contrato conforme produto,Cobertura internacional; múltiplos idiomas por produto,noticia;midia,Reportagens; agências; fotografias conforme contrato,Página falhou. Confirmar oferta de distribuição e licença com o fornecedor.,https://www.reuters.com/sports/soccer/,pendente,2026-09-14,False,False
as,Diario AS,Notícias e redações,Site editorial,Consulta/assinatura conforme conteúdo,Espanha e internacional; espanhol,noticia,Notícias; mercado; resultados; opinião,Identificar edição regional e diferenciar rumor de notícia confirmada.,https://as.com/futbol/,pagina,2026-09-14,False,False
marca,MARCA,Notícias e redações,Site editorial,Acesso e licença a conferir,Espanha; espanhol,noticia,Notícias e mercado a verificar na edição atual,Falha de leitura; candidato pendente de validação.,https://www.marca.com/futbol.html,pendente,2026-09-14,False,False
abola,A Bola,Notícias e redações,Site editorial,Consulta/assinatura conforme conteúdo,Portugal e internacional; português,noticia,Clubes portugueses; transferências; análises,Conferir fonte primária em notícias de mercado.,https://www.abola.pt/,pagina,2026-09-14,False,False
record,Record,Notícias e redações,Site editorial,Consulta/assinatura conforme conteúdo,Portugal; português,noticia,Notícias; mercado; modalidades; classificações,"Separar opinião, notícia e conteúdo patrocinado.",https://www.record.pt/,pagina,2026-09-14,False,False
ojogo,O Jogo,Notícias e redações,Site editorial,Acesso e licença a conferir,Portugal; português,noticia,Notícias de clubes e mercado a verificar,Falha de leitura; candidato pendente de validação.,https://www.ojogo.pt/,pendente,2026-09-14,False,False
lequipe,L'Équipe,Notícias e redações,Site editorial,Consulta/assinatura conforme conteúdo,França e internacional; francês,noticia,Notícias; resultados; transferências; análises,Notas editoriais não são comparáveis automaticamente a ratings estatísticos.,https://www.lequipe.fr/Football/,pagina,2026-09-14,False,False
kicker,kicker,Notícias e redações,Site editorial,Consulta/assinatura conforme conteúdo,Alemanha; alemão,noticia,Notícias; resultados; entrevistas; análises,Conferir metodologia se forem usadas notas editoriais de jogadores.,https://www.kicker.de/,pagina,2026-09-14,False,False
gazzetta,La Gazzetta dello Sport,Notícias e redações,Site editorial,Consulta/assinatura conforme conteúdo,Itália; italiano,noticia,Notícias; mercado; análises; resultados,Separar notas/opiniões de estatísticas observadas.,https://www.gazzetta.it/Calcio/,pagina,2026-09-14,False,False
guardian,The Guardian / Open Platform,APIs e descoberta de notícias,API documentada com chave; site e RSS,Plano de desenvolvimento e licença comercial conforme uso,Conteúdo próprio; futebol em inglês,noticia,Identificador; título; URL; data; seção; tags; campos editoriais,"Consultar licença para produção e corpo completo. RSS respondeu XML, mas seus itens não foram validados.",https://open-platform.theguardian.com/documentation/,documentacao,2026-09-14,False,False
newsapi,NewsAPI,APIs e descoberta de notícias,REST JSON com chave,Grátis em desenvolvimento; planos pagos,Agregador global com filtros de idioma e domínio,noticia,Fonte; autor; título; descrição; URL; imagem; data; conteúdo parcial,O campo content é truncado; o plano de desenvolvimento não equivale a licença de produção ou de texto integral.,https://newsapi.org/docs/endpoints/everything,documentacao,2026-09-14,False,False
gdelt,GDELT,APIs e descoberta de notícias,APIs públicas e datasets; integração possível com BigQuery,Acesso aberto; computação pode ter custo,Noticiário global multilingue,noticia,URLs; títulos; idioma; domínio; país da fonte; momento de observação,"Motor de descoberta, não confirmação esportiva. seendate não é garantia do horário original; produtos têm janelas diferentes.",https://blog.gdeltproject.org/gdelt-doc-2-0-api-debuts/,documentacao,2026-09-14,False,False
gnews,GNews API,APIs e descoberta de notícias,REST JSON com chave,Planos a consultar,Agregador global; filtros de idioma/país,noticia,Artigos; título; descrição; URL; publicação; fonte,"Conferir atraso, histórico, completude e licença por plano.",https://docs.gnews.io/,documentacao,2026-09-14,False,False
newsdata,NewsData.io,APIs e descoberta de notícias,API candidata; página dinâmica,Planos a consultar,Agregação internacional; cobertura a verificar,noticia,Notícias; fontes; categorias e idiomas a confirmar no payload,Página acessível sem documentação extraível; campos e quotas não validados.,https://newsdata.io/documentation,pagina_parcial,2026-09-14,False,False
mediastack,Mediastack,APIs e descoberta de notícias,API; documentação redirecionada para APILayer,Planos a consultar,Agregação global conforme plano,noticia,Notícias; publicação; domínio; categorias a confirmar,Nova documentação carregou parcialmente; validar schema e restrições de histórico/latência.,https://mediastack.com/documentation,pagina_parcial,2026-09-14,False,False
thenewsapi,The News API,APIs e descoberta de notícias,REST JSON com api_token,Freemium,Agregador global,noticia,UUID; título; descrição; URL; fonte; idioma; publicação,"Conferir limites, paginação e conteúdo efetivamente devolvido.",https://www.thenewsapi.com/documentation,documentacao,2026-09-14,False,False
eventregistry,Event Registry / NewsAPI.ai,APIs e descoberta de notícias,API candidata; documentação a validar,Planos a consultar,Agregação e agrupamento de notícias,noticia,Artigos; eventos noticiosos; entidades; agrupamentos a verificar,"Documentação não carregou; schema, acesso e cobertura atual permanecem pendentes.",https://eventregistry.org/documentation,pendente,2026-09-14,False,False
ap,Associated Press / AP Media API,APIs e descoberta de notícias,API e distribuição profissional; site AP News,Contrato; consulta web conforme conteúdo,Agência internacional; futebol,noticia;midia,Notícias; metadados editoriais; fotos/vídeos conforme contrato,AP News e AP API são a mesma família aqui; direitos dependem do produto contratado.,https://developer.ap.org/,documentacao,2026-09-14,False,False
afp,AFP API,APIs e descoberta de notícias,API comercial; metadados NewsML-G2 conforme entrega,Contrato; trial anunciado,Agência internacional multilingue,noticia;midia,Busca; texto; imagens; vídeo; entidades; categorias; metadados,Conteúdo liberado conforme contrato; não contar republicações de AFP como fontes independentes.,https://www.afp.com/en/our-offer/afp-api,documentacao,2026-09-14,False,False
odds_api,The Odds API,Odds e mercados,REST JSON v4 com chave,Freemium,"Esportes, casas e regiões cobertas",partida;odd,Evento; horário; bookmaker; mercado; seleção; preço; linha; atualização,Histórico e mercados dependem do plano. Preservar timestamp de cada cotação.,https://the-odds-api.com/liveapi/guides/v4/,documentacao,2026-09-14,False,False
betfair,Betfair Exchange APIs,Odds e mercados,"APIs de dados; conta, credenciais e permissões",Condições por acesso e produto,Mercados disponíveis na exchange,partida;odd,Mercados; seleções; preços back/lay; volume; histórico conforme produto,Catálogo é para leitura de dados. Delayed/live e dados históricos têm condições diferentes.,https://developer.betfair.com/,documentacao,2026-09-14,False,False
pinnacle,Pinnacle API,Odds e mercados,API restrita; credenciais e aprovação do fornecedor,Acordo específico,Mercados disponibilizados ao cliente aprovado,partida;odd,Fixtures; mercados; linhas; preços,Acesso fechado ao público geral desde 23/07/2025 segundo README oficial; não é opção self-service gratuita.,https://github.com/pinnacleapi/pinnacleapi-documentation,repositorio,2026-09-14,False,False
lsports,LSports,Odds e mercados,Feeds comerciais,Sob consulta,Odds e eventos globais conforme contrato,partida;odd,Odds; mercados; alterações; metadados de eventos,"Solicitar cobertura de casas, latência e direitos de redistribuição.",https://www.lsports.eu/,pagina,2026-09-14,False,False
opticodds,OpticOdds,Odds e mercados,API candidata,Sob consulta,Cobertura atual a confirmar,partida;odd,Fixtures; odds; mercados a verificar,Documentação não carregou nesta pesquisa; não considerar integração validada.,https://docs.opticodds.com/,pendente,2026-09-14,False,False
oddsportal,OddsPortal,Odds e mercados,Site comparador,Consulta web; reutilização a conferir,Casas e competições listadas no site,partida;odd,Comparação de cotações; resultados; histórico,API pública oficial não confirmada; cobertura histórica e horário das linhas requerem verificação.,https://www.oddsportal.com/,pagina,2026-09-14,False,False
betexplorer,BetExplorer,Odds e mercados,Site de resultados/odds,Consulta web; reutilização a conferir,Competições globais,partida;odd;classificacao,Resultados; odds; confrontos; tabelas,Conteúdo pode compartilhar fornecedores com outros portais; não assumir independência.,https://www.betexplorer.com/br/,pagina,2026-09-14,False,False
clubelo,ClubElo,Ratings e finanças,Site; exportação/API histórica a revalidar,Consulta; condições a conferir,Clubes cobertos pelo ranking,rating;equipe,Rating Elo; ranking; data; histórico de força,A rota /API redirecionou à página inicial. Não foi validada uma rota CSV operacional nesta pesquisa.,https://clubelo.com/,pagina,2026-09-14,False,False
world_elo,World Football Elo Ratings,Ratings e finanças,Site,Consulta; reutilização a conferir,Seleções nacionais,rating;equipe,Elo; ranking; histórico a conferir,Página carregou conteúdo mínimo; validar série histórica. Elo não é o ranking oficial FIFA.,https://www.eloratings.net/,pagina_parcial,2026-09-14,False,False
euroclubindex,Euro Club Index,Ratings e finanças,Site e produtos de ranking,Consulta/contrato conforme produto,Clubes europeus,rating;equipe;previsao,Índice de força; ranking; projeções conforme oferta,Metodologia proprietária; não misturar escala com Elo ou SPI.,https://www.euroclubindex.com/,pagina,2026-09-14,False,False
cies,CIES Football Observatory,Ratings e finanças,Relatórios e ferramentas web,Consulta/licença conforme produto,"Mercado, demografia e desempenho de clubes/jogadores",valor_mercado;relatorio_mercado;documento,Estimativas; mobilidade; composição dos elencos; relatórios,"Valores de modelos são estimativas, não taxas confirmadas; granularidade varia por estudo.",https://football-observatory.com/,pagina,2026-09-14,False,False
capology,Capology,Ratings e finanças,Site candidato,Acesso/licença a conferir,Salários de ligas selecionadas; cobertura a confirmar,salario;jogador;equipe,Salários; temporadas; totais por clube a verificar,"Página não carregou. Não presumir que números sejam confirmados, líquidos ou livres de bônus.",https://www.capology.com/,pendente,2026-09-14,False,False
deloitte,Deloitte Football Money League,Ratings e finanças,Relatórios anuais,Publicação; licença a conferir,Clubes analisados em cada edição,financas_clube;documento,Receitas; componentes; ranking de clubes,Rota candidata não carregou; localizar edição e moeda antes de usar valores. Receita não equivale a lucro.,https://www.deloitte.com/uk/en/Industries/sports-business-group/analysis/deloitte-football-money-league.html,pendente,2026-09-14,False,False
fpl,Fantasy Premier League,Fantasy,Site; endpoints internos sem contrato público validado,Jogo; condições próprias,Premier League,fantasy;jogador;partida,Preço fantasy; pontos; rodada; disponibilidade; seleção,Não tratar endpoint interno como API oficial suportada; preço fantasy não é valor de mercado.,https://fantasy.premierleague.com/,pagina_parcial,2026-09-14,False,False
fpl_archive,Fantasy-Premier-League — vaastav,Fantasy,GitHub; CSV por temporada/rodada,Licença do repositório e direitos de origem,Histórico da FPL disponibilizado pela comunidade,fantasy;jogador;partida,Pontos; preços; rodada; estatísticas por jogador,"Fixar commit e conferir temporada/rodada mais recente. Cópia histórica da FPL, não confirmação independente.",https://github.com/vaastav/Fantasy-Premier-League,repositorio,2026-09-14,False,False
cartola,Cartola,Fantasy,Site/app; API pública suportada não confirmada,Jogo e planos conforme oferta,Brasileirão e recortes do produto,fantasy;jogador;equipe,Pontuação; scouts; preço; status; rodada,Regras e scouts mudam por temporada; histórico precisa de snapshots próprios ou fonte licenciada.,https://ge.globo.com/cartola/,pagina,2026-09-14,False,False
wikidata,Wikidata,Metadados e contexto,"SPARQL, API e dumps",Dados estruturados CC0,Entidades globais; completude comunitária,equipe;jogador;estadio;identificador,Identificadores externos; nomes; países; datas; relações,Bom para resolver identidades; relações precisam de qualificadores temporais e não substituem elenco atualizado.,https://www.wikidata.org/wiki/Wikidata:Data_access,documentacao,2026-09-14,False,False
commons,Wikimedia Commons,Metadados e contexto,MediaWiki API,Licença por arquivo,Fotos; escudos; estádios; atletas,midia,URL; autoria; licença; descrição; dimensões,Verificar licença e atribuição individual; não assumir que toda imagem tem a mesma permissão.,https://commons.wikimedia.org/wiki/Commons:API,documentacao,2026-09-14,False,False
osm,OpenStreetMap / Overpass,Metadados e contexto,Overpass API e dumps,ODbL; atribuição e condições próprias,"Estádios, campos e locais globais",estadio,Nome; coordenadas; esporte; capacidade quando cadastrada,"Tags e completude variam; distinguir estádio, complexo e campo para não duplicar locais.",https://wiki.openstreetmap.org/wiki/Overpass_API,documentacao,2026-09-14,False,False
open_meteo,Open-Meteo,Metadados e contexto,API JSON; forecast e histórico são produtos distintos,Não comercial gratuito conforme termos; comercial pago,Coordenadas dos estádios; modelos cobertos,clima,Temperatura; chuva; vento; umidade; condições por horário,Para backtest usar previsão disponível na época ou observação corretamente marcada; reanálise futura não é previsão conhecida antes do jogo.,https://open-meteo.com/en/docs,documentacao,2026-09-14,False,False
stjd,STJD,Metadados e contexto,Site e documentos de decisões,Consulta pública; reutilização a conferir,Justiça desportiva do futebol brasileiro,sancao;documento,Processo; decisão; publicação; entidade; pena,Documento pode sofrer recurso ou efeito suspensivo. Extração não determina sozinha elegibilidade do atleta.,https://stjd.org.br/,pagina,2026-09-14,False,False
scorebat,ScoreBat Video API,Vídeo e transmissão,API de metadados e embeds,Plano/condições do produto,Vídeos e jogos disponíveis no feed,midia;partida,Título; data; competição; imagem; URL/embed,Usar conforme termos do embed; acesso ao link não licencia download/republicação do vídeo.,https://www.scorebat.com/video-api/,documentacao,2026-09-14,False,False
youtube,YouTube Data API,Vídeo e transmissão,API oficial com chave/OAuth conforme operação,Quotas e políticas do serviço,"Canais de clubes, ligas e redações",midia;noticia,Vídeo; canal; título; publicação; descrição; estatísticas,Filtrar canais oficiais; Data API fornece metadados e não licença audiovisual.,https://developers.google.com/youtube/v3,documentacao,2026-09-14,False,False
football_on_tv,Live Football On TV,Vídeo e transmissão,Site de programação,Consulta web; reutilização a conferir,Programação de futebol no Reino Unido,transmissao;partida,Jogo; canal; horário; competição,Grade específica do mercado britânico; não extrapolar disponibilidade para o Brasil.,https://www.live-footballontv.com/,pagina,2026-09-14,False,False
